time, name, func, shared_mem, local_mem, num_regs, iterations, total, blocksize, blocksper, device, args_blocksize, args_blocksper, args_dump_sass, args_dump_src, args_gpu, args_iterations, args_total, args_skip_correct, args_debug, args_modulus, args_modbits, args_pow, args_reduction_method, args_app, args_det, args_epilogue, args_btpi, args_m, args_variation, args_stride, args_reduction_method_name, args_variation_name, args_app_name, args_tpi, args_precision, args_moduli1, args_moduli2, args_limbs, args_moduli_in, args_mpt1, args_mpt2, args_shared_size, args_mult_class, args_resultshape, correct
2.3695359230041504, latencygpu, MULT_APP, 32, 0, 32, 100, 4, 32, 1, NVIDIA GeForce RTX 3090 : 1695.000 Mhz   (Ordinal 0);82 SMs enabled. Compute Capability sm_86;FreeMem: 23.906MB   TotalMem: 24.251MB   32-bit pointers.;Mem Clock: 9751.000 Mhz x 384 bits   (936.1 GB/s);ECC Disabled;, 32, 1, False, False, 0, 100, 4, False, 0, 12979805143880650967, 64, 64, 2, 0, False, 1, 8, 1, 4, 1, Mont32, MontRNSReduceVec, bench_modmult2, 8, 64, 3, 3, 8, 11, 1, 1, 32, MontRNSReduceVec<3. 3. 1. 1. 8. 1. Mont32>, (4. 8), True
2.4289278984069824, latencygpu, MULT_APP, 64, 0, 31, 100, 4, 32, 1, NVIDIA GeForce RTX 3090 : 1695.000 Mhz   (Ordinal 0);82 SMs enabled. Compute Capability sm_86;FreeMem: 23.906MB   TotalMem: 24.251MB   32-bit pointers.;Mem Clock: 9751.000 Mhz x 384 bits   (936.1 GB/s);ECC Disabled;, 32, 1, False, False, 0, 100, 4, False, 0, 11947210770645087733, 64, 64, 2, 0, False, 1, 8, 1, 4, 2, Mont32, MontRNSReduceVec, bench_modmult2, 16, 64, 3, 3, 8, 19, 1, 1, 64, MontRNSReduceVec<3. 3. 1. 1. 16. 2. Mont32>, (4. 8), True
2.585599899291992, latencygpu, MULT_APP, 128, 0, 29, 100, 4, 32, 1, NVIDIA GeForce RTX 3090 : 1695.000 Mhz   (Ordinal 0);82 SMs enabled. Compute Capability sm_86;FreeMem: 23.906MB   TotalMem: 24.251MB   32-bit pointers.;Mem Clock: 9751.000 Mhz x 384 bits   (936.1 GB/s);ECC Disabled;, 32, 1, False, False, 0, 100, 4, False, 0, 15630965337212759519, 64, 64, 2, 0, False, 1, 8, 1, 4, 4, Mont32, MontRNSReduceVec, bench_modmult2, 32, 64, 3, 3, 8, 35, 1, 1, 128, MontRNSReduceVec<3. 3. 1. 1. 32. 4. Mont32>, (4. 8), True
3.5194880962371826, latencygpu, MULT_APP, 32, 0, 35, 100, 4, 32, 1, NVIDIA GeForce RTX 3090 : 1695.000 Mhz   (Ordinal 0);82 SMs enabled. Compute Capability sm_86;FreeMem: 23.906MB   TotalMem: 24.251MB   32-bit pointers.;Mem Clock: 9751.000 Mhz x 384 bits   (936.1 GB/s);ECC Disabled;, 32, 1, False, False, 0, 100, 4, False, 0, 63768919813633953407905136909, 96, 96, 2, 0, False, 1, 8, 1, 4, 1, Mont32, MontRNSReduceVec, bench_modmult2, 8, 64, 4, 4, 8, 12, 1, 1, 32, MontRNSReduceVec<4. 4. 1. 1. 8. 1. Mont32>, (4. 8), True
3.5275518894195557, latencygpu, MULT_APP, 64, 0, 31, 100, 4, 32, 1, NVIDIA GeForce RTX 3090 : 1695.000 Mhz   (Ordinal 0);82 SMs enabled. Compute Capability sm_86;FreeMem: 23.906MB   TotalMem: 24.251MB   32-bit pointers.;Mem Clock: 9751.000 Mhz x 384 bits   (936.1 GB/s);ECC Disabled;, 32, 1, False, False, 0, 100, 4, False, 0, 65566409073739232256671474143, 96, 96, 2, 0, False, 1, 8, 1, 4, 2, Mont32, MontRNSReduceVec, bench_modmult2, 16, 64, 4, 4, 8, 20, 1, 1, 64, MontRNSReduceVec<4. 4. 1. 1. 16. 2. Mont32>, (4. 8), True
3.768320083618164, latencygpu, MULT_APP, 128, 0, 29, 100, 4, 32, 1, NVIDIA GeForce RTX 3090 : 1695.000 Mhz   (Ordinal 0);82 SMs enabled. Compute Capability sm_86;FreeMem: 23.906MB   TotalMem: 24.251MB   32-bit pointers.;Mem Clock: 9751.000 Mhz x 384 bits   (936.1 GB/s);ECC Disabled;, 32, 1, False, False, 0, 100, 4, False, 0, 53068733603251454037118534993, 96, 96, 2, 0, False, 1, 8, 1, 4, 4, Mont32, MontRNSReduceVec, bench_modmult2, 32, 64, 4, 4, 8, 36, 1, 1, 128, MontRNSReduceVec<4. 4. 1. 1. 32. 4. Mont32>, (4. 8), True
4.774911880493164, latencygpu, MULT_APP, 32, 0, 40, 100, 4, 32, 1, NVIDIA GeForce RTX 3090 : 1695.000 Mhz   (Ordinal 0);82 SMs enabled. Compute Capability sm_86;FreeMem: 23.906MB   TotalMem: 24.251MB   32-bit pointers.;Mem Clock: 9751.000 Mhz x 384 bits   (936.1 GB/s);ECC Disabled;, 32, 1, False, False, 0, 100, 4, False, 0, 270757423301785532802482094174226246133, 128, 128, 2, 0, False, 1, 8, 1, 4, 1, Mont32, MontRNSReduceVec, bench_modmult2, 8, 64, 5, 5, 8, 13, 1, 1, 32, MontRNSReduceVec<5. 5. 1. 1. 8. 1. Mont32>, (4. 8), True
4.81279993057251, latencygpu, MULT_APP, 64, 0, 33, 100, 4, 32, 1, NVIDIA GeForce RTX 3090 : 1695.000 Mhz   (Ordinal 0);82 SMs enabled. Compute Capability sm_86;FreeMem: 23.906MB   TotalMem: 24.251MB   32-bit pointers.;Mem Clock: 9751.000 Mhz x 384 bits   (936.1 GB/s);ECC Disabled;, 32, 1, False, False, 0, 100, 4, False, 0, 220350077658504379847214021713975841053, 128, 128, 2, 0, False, 1, 8, 1, 4, 2, Mont32, MontRNSReduceVec, bench_modmult2, 16, 64, 5, 5, 8, 21, 1, 1, 64, MontRNSReduceVec<5. 5. 1. 1. 16. 2. Mont32>, (4. 8), True
5.166079998016357, latencygpu, MULT_APP, 128, 0, 31, 100, 4, 32, 1, NVIDIA GeForce RTX 3090 : 1695.000 Mhz   (Ordinal 0);82 SMs enabled. Compute Capability sm_86;FreeMem: 23.906MB   TotalMem: 24.251MB   32-bit pointers.;Mem Clock: 9751.000 Mhz x 384 bits   (936.1 GB/s);ECC Disabled;, 32, 1, False, False, 0, 100, 4, False, 0, 332763542612502122630777259050154037223, 128, 128, 2, 0, False, 1, 8, 1, 4, 4, Mont32, MontRNSReduceVec, bench_modmult2, 32, 64, 5, 5, 8, 37, 1, 1, 128, MontRNSReduceVec<5. 5. 1. 1. 32. 4. Mont32>, (4. 8), True
6.1921281814575195, latencygpu, MULT_APP, 32, 0, 43, 100, 4, 32, 1, NVIDIA GeForce RTX 3090 : 1695.000 Mhz   (Ordinal 0);82 SMs enabled. Compute Capability sm_86;FreeMem: 23.906MB   TotalMem: 24.251MB   32-bit pointers.;Mem Clock: 9751.000 Mhz x 384 bits   (936.1 GB/s);ECC Disabled;, 32, 1, False, False, 0, 100, 4, False, 0, 992199829097927217020046391688852843376896254343, 160, 160, 2, 0, False, 1, 8, 1, 4, 1, Mont32, MontRNSReduceVec, bench_modmult2, 8, 64, 6, 6, 8, 14, 1, 1, 32, MontRNSReduceVec<6. 6. 1. 1. 8. 1. Mont32>, (4. 8), True
5.965792179107666, latencygpu, MULT_APP, 64, 0, 33, 100, 4, 32, 1, NVIDIA GeForce RTX 3090 : 1695.000 Mhz   (Ordinal 0);82 SMs enabled. Compute Capability sm_86;FreeMem: 23.906MB   TotalMem: 24.251MB   32-bit pointers.;Mem Clock: 9751.000 Mhz x 384 bits   (936.1 GB/s);ECC Disabled;, 32, 1, False, False, 0, 100, 4, False, 0, 887218178405273670588521402693423355511838232131, 160, 160, 2, 0, False, 1, 8, 1, 4, 2, Mont32, MontRNSReduceVec, bench_modmult2, 16, 64, 6, 6, 8, 22, 1, 1, 64, MontRNSReduceVec<6. 6. 1. 1. 16. 2. Mont32>, (4. 8), True
6.400000095367432, latencygpu, MULT_APP, 128, 0, 31, 100, 4, 32, 1, NVIDIA GeForce RTX 3090 : 1695.000 Mhz   (Ordinal 0);82 SMs enabled. Compute Capability sm_86;FreeMem: 23.906MB   TotalMem: 24.251MB   32-bit pointers.;Mem Clock: 9751.000 Mhz x 384 bits   (936.1 GB/s);ECC Disabled;, 32, 1, False, False, 0, 100, 4, False, 0, 738156907534169549241955422643029720043450641949, 160, 160, 2, 0, False, 1, 8, 1, 4, 4, Mont32, MontRNSReduceVec, bench_modmult2, 32, 64, 6, 6, 8, 38, 1, 1, 128, MontRNSReduceVec<6. 6. 1. 1. 32. 4. Mont32>, (4. 8), True
7.533440113067627, latencygpu, MULT_APP, 64, 0, 46, 100, 2, 32, 1, NVIDIA GeForce RTX 3090 : 1695.000 Mhz   (Ordinal 0);82 SMs enabled. Compute Capability sm_86;FreeMem: 23.906MB   TotalMem: 24.251MB   32-bit pointers.;Mem Clock: 9751.000 Mhz x 384 bits   (936.1 GB/s);ECC Disabled;, 32, 1, False, False, 0, 100, 2, False, 0, 3142921776269732234301862623317409350636492736374764129189, 192, 192, 2, 0, False, 1, 16, 1, 4, 1, Mont32, MontRNSReduceVec, bench_modmult2, 16, 64, 7, 7, 16, 23, 1, 1, 64, MontRNSReduceVec<7. 7. 1. 1. 16. 1. Mont32>, (2. 16), True
7.398399829864502, latencygpu, MULT_APP, 128, 0, 35, 100, 2, 32, 1, NVIDIA GeForce RTX 3090 : 1695.000 Mhz   (Ordinal 0);82 SMs enabled. Compute Capability sm_86;FreeMem: 23.906MB   TotalMem: 24.251MB   32-bit pointers.;Mem Clock: 9751.000 Mhz x 384 bits   (936.1 GB/s);ECC Disabled;, 32, 1, False, False, 0, 100, 2, False, 0, 6167386201656082748201573772875675118900470470959760585001, 192, 192, 2, 0, False, 1, 16, 1, 4, 2, Mont32, MontRNSReduceVec, bench_modmult2, 32, 64, 7, 7, 16, 39, 1, 1, 128, MontRNSReduceVec<7. 7. 1. 1. 32. 2. Mont32>, (2. 16), True
7.912447929382324, latencygpu, MULT_APP, 256, 0, 35, 100, 4, 64, 1, NVIDIA GeForce RTX 3090 : 1695.000 Mhz   (Ordinal 0);82 SMs enabled. Compute Capability sm_86;FreeMem: 23.906MB   TotalMem: 24.251MB   32-bit pointers.;Mem Clock: 9751.000 Mhz x 384 bits   (936.1 GB/s);ECC Disabled;, 64, 1, False, False, 0, 100, 4, False, 0, 4751937064468067981599368820482938155246249897964101227697, 192, 192, 2, 0, False, 1, 16, 1, 4, 4, Mont32, MontRNSReduceVec, bench_modmult2, 64, 64, 7, 7, 16, 71, 1, 1, 256, MontRNSReduceVec<7. 7. 1. 1. 64. 4. Mont32>, (4. 16), True
9.069600105285645, latencygpu, MULT_APP, 64, 0, 48, 100, 2, 32, 1, NVIDIA GeForce RTX 3090 : 1695.000 Mhz   (Ordinal 0);82 SMs enabled. Compute Capability sm_86;FreeMem: 23.906MB   TotalMem: 24.251MB   32-bit pointers.;Mem Clock: 9751.000 Mhz x 384 bits   (936.1 GB/s);ECC Disabled;, 32, 1, False, False, 0, 100, 2, False, 0, 20055763706238511525701861387411232004399269711502382644350587150427, 224, 224, 2, 0, False, 1, 16, 1, 4, 1, Mont32, MontRNSReduceVec, bench_modmult2, 16, 64, 8, 8, 16, 24, 1, 1, 64, MontRNSReduceVec<8. 8. 1. 1. 16. 1. Mont32>, (2. 16), True
8.577024459838867, latencygpu, MULT_APP, 128, 0, 35, 100, 2, 32, 1, NVIDIA GeForce RTX 3090 : 1695.000 Mhz   (Ordinal 0);82 SMs enabled. Compute Capability sm_86;FreeMem: 23.906MB   TotalMem: 24.251MB   32-bit pointers.;Mem Clock: 9751.000 Mhz x 384 bits   (936.1 GB/s);ECC Disabled;, 32, 1, False, False, 0, 100, 2, False, 0, 15727927048094289598712995308478180105355687582425004238439883707793, 224, 224, 2, 0, False, 1, 16, 1, 4, 2, Mont32, MontRNSReduceVec, bench_modmult2, 32, 64, 8, 8, 16, 40, 1, 1, 128, MontRNSReduceVec<8. 8. 1. 1. 32. 2. Mont32>, (2. 16), True
9.21190357208252, latencygpu, MULT_APP, 256, 0, 35, 100, 4, 64, 1, NVIDIA GeForce RTX 3090 : 1695.000 Mhz   (Ordinal 0);82 SMs enabled. Compute Capability sm_86;FreeMem: 23.906MB   TotalMem: 24.251MB   32-bit pointers.;Mem Clock: 9751.000 Mhz x 384 bits   (936.1 GB/s);ECC Disabled;, 64, 1, False, False, 0, 100, 4, False, 0, 16413286777199649035776977349845438432543567544847799993511547130173, 224, 224, 2, 0, False, 1, 16, 1, 4, 4, Mont32, MontRNSReduceVec, bench_modmult2, 64, 64, 8, 8, 16, 72, 1, 1, 256, MontRNSReduceVec<8. 8. 1. 1. 64. 4. Mont32>, (4. 16), True
10.876928329467773, latencygpu, MULT_APP, 64, 0, 52, 100, 2, 32, 1, NVIDIA GeForce RTX 3090 : 1695.000 Mhz   (Ordinal 0);82 SMs enabled. Compute Capability sm_86;FreeMem: 23.906MB   TotalMem: 24.251MB   32-bit pointers.;Mem Clock: 9751.000 Mhz x 384 bits   (936.1 GB/s);ECC Disabled;, 32, 1, False, False, 0, 100, 2, False, 0, 77590619007438715668608483084202993996260674330310240074875251949362729965603, 256, 256, 2, 0, False, 1, 16, 1, 4, 1, Mont32, MontRNSReduceVec, bench_modmult2, 16, 64, 9, 9, 16, 25, 1, 1, 64, MontRNSReduceVec<9. 9. 1. 1. 16. 1. Mont32>, (2. 16), True
10.010623931884766, latencygpu, MULT_APP, 128, 0, 38, 100, 2, 32, 1, NVIDIA GeForce RTX 3090 : 1695.000 Mhz   (Ordinal 0);82 SMs enabled. Compute Capability sm_86;FreeMem: 23.906MB   TotalMem: 24.251MB   32-bit pointers.;Mem Clock: 9751.000 Mhz x 384 bits   (936.1 GB/s);ECC Disabled;, 32, 1, False, False, 0, 100, 2, False, 0, 74567833425673814431074590792149618481502256654964174028445357404557958101071, 256, 256, 2, 0, False, 1, 16, 1, 4, 2, Mont32, MontRNSReduceVec, bench_modmult2, 32, 64, 9, 9, 16, 41, 1, 1, 128, MontRNSReduceVec<9. 9. 1. 1. 32. 2. Mont32>, (2. 16), True
10.652671813964844, latencygpu, MULT_APP, 256, 0, 37, 100, 4, 64, 1, NVIDIA GeForce RTX 3090 : 1695.000 Mhz   (Ordinal 0);82 SMs enabled. Compute Capability sm_86;FreeMem: 23.906MB   TotalMem: 24.251MB   32-bit pointers.;Mem Clock: 9751.000 Mhz x 384 bits   (936.1 GB/s);ECC Disabled;, 64, 1, False, False, 0, 100, 4, False, 0, 78720153520921365908825516499537200379073883962038287429836265446481772969631, 256, 256, 2, 0, False, 1, 16, 1, 4, 4, Mont32, MontRNSReduceVec, bench_modmult2, 64, 64, 9, 9, 16, 73, 1, 1, 256, MontRNSReduceVec<9. 9. 1. 1. 64. 4. Mont32>, (4. 16), True
12.293120384216309, latencygpu, MULT_APP, 64, 0, 54, 100, 2, 32, 1, NVIDIA GeForce RTX 3090 : 1695.000 Mhz   (Ordinal 0);82 SMs enabled. Compute Capability sm_86;FreeMem: 23.906MB   TotalMem: 24.251MB   32-bit pointers.;Mem Clock: 9751.000 Mhz x 384 bits   (936.1 GB/s);ECC Disabled;, 32, 1, False, False, 0, 100, 2, False, 0, 355013156483276663079367280157097860073043215566189052000750077353347527603106476615367, 288, 288, 2, 0, False, 1, 16, 1, 4, 1, Mont32, MontRNSReduceVec, bench_modmult2, 16, 64, 10, 10, 16, 26, 1, 1, 64, MontRNSReduceVec<10. 10. 1. 1. 16. 1. Mont32>, (2. 16), True
11.240320205688477, latencygpu, MULT_APP, 128, 0, 38, 100, 2, 32, 1, NVIDIA GeForce RTX 3090 : 1695.000 Mhz   (Ordinal 0);82 SMs enabled. Compute Capability sm_86;FreeMem: 23.906MB   TotalMem: 24.251MB   32-bit pointers.;Mem Clock: 9751.000 Mhz x 384 bits   (936.1 GB/s);ECC Disabled;, 32, 1, False, False, 0, 100, 2, False, 0, 456574454974927696024486308120903823850161283913411062409197065510859429823466168284053, 288, 288, 2, 0, False, 1, 16, 1, 4, 2, Mont32, MontRNSReduceVec, bench_modmult2, 32, 64, 10, 10, 16, 42, 1, 1, 128, MontRNSReduceVec<10. 10. 1. 1. 32. 2. Mont32>, (2. 16), True
11.96236801147461, latencygpu, MULT_APP, 256, 0, 37, 100, 4, 64, 1, NVIDIA GeForce RTX 3090 : 1695.000 Mhz   (Ordinal 0);82 SMs enabled. Compute Capability sm_86;FreeMem: 23.906MB   TotalMem: 24.251MB   32-bit pointers.;Mem Clock: 9751.000 Mhz x 384 bits   (936.1 GB/s);ECC Disabled;, 64, 1, False, False, 0, 100, 4, False, 0, 471099090083364524767501201677431157318469957101270016551929223360842433714516249594049, 288, 288, 2, 0, False, 1, 16, 1, 4, 4, Mont32, MontRNSReduceVec, bench_modmult2, 64, 64, 10, 10, 16, 74, 1, 1, 256, MontRNSReduceVec<10. 10. 1. 1. 64. 4. Mont32>, (4. 16), True
14.348287582397461, latencygpu, MULT_APP, 64, 0, 58, 100, 2, 32, 1, NVIDIA GeForce RTX 3090 : 1695.000 Mhz   (Ordinal 0);82 SMs enabled. Compute Capability sm_86;FreeMem: 23.906MB   TotalMem: 24.251MB   32-bit pointers.;Mem Clock: 9751.000 Mhz x 384 bits   (936.1 GB/s);ECC Disabled;, 32, 1, False, False, 0, 100, 2, False, 0, 1314515508114421778547851858857736235297609527161071787346617266487179446904135825770375583738361, 320, 320, 2, 0, False, 1, 16, 1, 4, 1, Mont32, MontRNSReduceVec, bench_modmult2, 16, 64, 11, 11, 16, 27, 1, 1, 64, MontRNSReduceVec<11. 11. 1. 1. 16. 1. Mont32>, (2. 16), True
12.874752044677734, latencygpu, MULT_APP, 128, 0, 42, 100, 2, 32, 1, NVIDIA GeForce RTX 3090 : 1695.000 Mhz   (Ordinal 0);82 SMs enabled. Compute Capability sm_86;FreeMem: 23.906MB   TotalMem: 24.251MB   32-bit pointers.;Mem Clock: 9751.000 Mhz x 384 bits   (936.1 GB/s);ECC Disabled;, 32, 1, False, False, 0, 100, 2, False, 0, 1219000792378463309938484349326842700462984969123049377416262079036175923872825482369371217144807, 320, 320, 2, 0, False, 1, 16, 1, 4, 2, Mont32, MontRNSReduceVec, bench_modmult2, 32, 64, 11, 11, 16, 43, 1, 1, 128, MontRNSReduceVec<11. 11. 1. 1. 32. 2. Mont32>, (2. 16), True
13.2741117477417, latencygpu, MULT_APP, 256, 0, 37, 100, 4, 64, 1, NVIDIA GeForce RTX 3090 : 1695.000 Mhz   (Ordinal 0);82 SMs enabled. Compute Capability sm_86;FreeMem: 23.906MB   TotalMem: 24.251MB   32-bit pointers.;Mem Clock: 9751.000 Mhz x 384 bits   (936.1 GB/s);ECC Disabled;, 64, 1, False, False, 0, 100, 4, False, 0, 2051674242112463082541064830051797429525271924851319523633913933384274936415816086910429038962557, 320, 320, 2, 0, False, 1, 16, 1, 4, 4, Mont32, MontRNSReduceVec, bench_modmult2, 64, 64, 11, 11, 16, 75, 1, 1, 256, MontRNSReduceVec<11. 11. 1. 1. 64. 4. Mont32>, (4. 16), True
15.89964771270752, latencygpu, MULT_APP, 64, 0, 62, 100, 2, 32, 1, NVIDIA GeForce RTX 3090 : 1695.000 Mhz   (Ordinal 0);82 SMs enabled. Compute Capability sm_86;FreeMem: 23.906MB   TotalMem: 24.251MB   32-bit pointers.;Mem Clock: 9751.000 Mhz x 384 bits   (936.1 GB/s);ECC Disabled;, 32, 1, False, False, 0, 100, 2, False, 0, 7161872478988123881093454387488541781188625314449885083844275094571140254242460238481891631441229366289001, 352, 352, 2, 0, False, 1, 16, 1, 4, 1, Mont32, MontRNSReduceVec, bench_modmult2, 16, 64, 12, 12, 16, 28, 1, 1, 64, MontRNSReduceVec<12. 12. 1. 1. 16. 1. Mont32>, (2. 16), True
14.153727531433105, latencygpu, MULT_APP, 128, 0, 42, 100, 2, 32, 1, NVIDIA GeForce RTX 3090 : 1695.000 Mhz   (Ordinal 0);82 SMs enabled. Compute Capability sm_86;FreeMem: 23.906MB   TotalMem: 24.251MB   32-bit pointers.;Mem Clock: 9751.000 Mhz x 384 bits   (936.1 GB/s);ECC Disabled;, 32, 1, False, False, 0, 100, 2, False, 0, 7613293093667121771450249815524687701929456466295509960992134126695592115777305321581002758051514751639373, 352, 352, 2, 0, False, 1, 16, 1, 4, 2, Mont32, MontRNSReduceVec, bench_modmult2, 32, 64, 12, 12, 16, 44, 1, 1, 128, MontRNSReduceVec<12. 12. 1. 1. 32. 2. Mont32>, (2. 16), True
14.577664375305176, latencygpu, MULT_APP, 256, 0, 37, 100, 4, 64, 1, NVIDIA GeForce RTX 3090 : 1695.000 Mhz   (Ordinal 0);82 SMs enabled. Compute Capability sm_86;FreeMem: 23.906MB   TotalMem: 24.251MB   32-bit pointers.;Mem Clock: 9751.000 Mhz x 384 bits   (936.1 GB/s);ECC Disabled;, 64, 1, False, False, 0, 100, 4, False, 0, 6873638899671158731074804269206420772030657784148777723979960213734816093630904671513306174496504230696339, 352, 352, 2, 0, False, 1, 16, 1, 4, 4, Mont32, MontRNSReduceVec, bench_modmult2, 64, 64, 12, 12, 16, 76, 1, 1, 256, MontRNSReduceVec<12. 12. 1. 1. 64. 4. Mont32>, (4. 16), True
17.993728637695312, latencygpu, MULT_APP, 64, 0, 66, 100, 2, 32, 1, NVIDIA GeForce RTX 3090 : 1695.000 Mhz   (Ordinal 0);82 SMs enabled. Compute Capability sm_86;FreeMem: 23.906MB   TotalMem: 24.251MB   32-bit pointers.;Mem Clock: 9751.000 Mhz x 384 bits   (936.1 GB/s);ECC Disabled;, 32, 1, False, False, 0, 100, 2, False, 0, 38792372595341603324011201095143345186403705779736238733858930139394373678453323724499069584890256576612084189930569, 384, 384, 2, 0, False, 1, 16, 1, 4, 1, Mont32, MontRNSReduceVec, bench_modmult2, 16, 64, 13, 13, 16, 29, 1, 1, 64, MontRNSReduceVec<13. 13. 1. 1. 16. 1. Mont32>, (2. 16), True
16.00604820251465, latencygpu, MULT_APP, 128, 0, 46, 100, 2, 32, 1, NVIDIA GeForce RTX 3090 : 1695.000 Mhz   (Ordinal 0);82 SMs enabled. Compute Capability sm_86;FreeMem: 23.906MB   TotalMem: 24.251MB   32-bit pointers.;Mem Clock: 9751.000 Mhz x 384 bits   (936.1 GB/s);ECC Disabled;, 32, 1, False, False, 0, 100, 2, False, 0, 27037399121485576727634644913772230924198927475091816084678326598229301161887248024344782876931094123346023650295073, 384, 384, 2, 0, False, 1, 16, 1, 4, 2, Mont32, MontRNSReduceVec, bench_modmult2, 32, 64, 13, 13, 16, 45, 1, 1, 128, MontRNSReduceVec<13. 13. 1. 1. 32. 2. Mont32>, (2. 16), True
16.694271087646484, latencygpu, MULT_APP, 256, 0, 39, 100, 4, 64, 1, NVIDIA GeForce RTX 3090 : 1695.000 Mhz   (Ordinal 0);82 SMs enabled. Compute Capability sm_86;FreeMem: 23.906MB   TotalMem: 24.251MB   32-bit pointers.;Mem Clock: 9751.000 Mhz x 384 bits   (936.1 GB/s);ECC Disabled;, 64, 1, False, False, 0, 100, 4, False, 0, 28789187406882264402217434274129437586431197246563528305176186382151482436312149445362064234882567605022279159700453, 384, 384, 2, 0, False, 1, 16, 1, 4, 4, Mont32, MontRNSReduceVec, bench_modmult2, 64, 64, 13, 13, 16, 77, 1, 1, 256, MontRNSReduceVec<13. 13. 1. 1. 64. 4. Mont32>, (4. 16), True
20.128768920898438, latencygpu, MULT_APP, 64, 0, 70, 100, 2, 32, 1, NVIDIA GeForce RTX 3090 : 1695.000 Mhz   (Ordinal 0);82 SMs enabled. Compute Capability sm_86;FreeMem: 23.906MB   TotalMem: 24.251MB   32-bit pointers.;Mem Clock: 9751.000 Mhz x 384 bits   (936.1 GB/s);ECC Disabled;, 32, 1, False, False, 0, 100, 2, False, 0, 145661830037649391520091155667206051937535233064812455292664733424926927732096781890685285393180826917009239799751559842543237, 416, 416, 2, 0, False, 1, 16, 1, 4, 1, Mont32, MontRNSReduceVec, bench_modmult2, 16, 64, 14, 14, 16, 30, 1, 1, 64, MontRNSReduceVec<14. 14. 1. 1. 16. 1. Mont32>, (2. 16), True
17.337343215942383, latencygpu, MULT_APP, 128, 0, 46, 100, 2, 32, 1, NVIDIA GeForce RTX 3090 : 1695.000 Mhz   (Ordinal 0);82 SMs enabled. Compute Capability sm_86;FreeMem: 23.906MB   TotalMem: 24.251MB   32-bit pointers.;Mem Clock: 9751.000 Mhz x 384 bits   (936.1 GB/s);ECC Disabled;, 32, 1, False, False, 0, 100, 2, False, 0, 162745240504788449939210163266801657217089624440049689398668367197763235171521652007016271413091090454456167698139267165798219, 416, 416, 2, 0, False, 1, 16, 1, 4, 2, Mont32, MontRNSReduceVec, bench_modmult2, 32, 64, 14, 14, 16, 46, 1, 1, 128, MontRNSReduceVec<14. 14. 1. 1. 32. 2. Mont32>, (2. 16), True
18.074623107910156, latencygpu, MULT_APP, 256, 0, 39, 100, 4, 64, 1, NVIDIA GeForce RTX 3090 : 1695.000 Mhz   (Ordinal 0);82 SMs enabled. Compute Capability sm_86;FreeMem: 23.906MB   TotalMem: 24.251MB   32-bit pointers.;Mem Clock: 9751.000 Mhz x 384 bits   (936.1 GB/s);ECC Disabled;, 64, 1, False, False, 0, 100, 4, False, 0, 138969486663439586750020277651309552141572392378395356267187961331992655680291427195201784248125667566263638444230675050508473, 416, 416, 2, 0, False, 1, 16, 1, 4, 4, Mont32, MontRNSReduceVec, bench_modmult2, 64, 64, 14, 14, 16, 78, 1, 1, 256, MontRNSReduceVec<14. 14. 1. 1. 64. 4. Mont32>, (4. 16), True
21.897216796875, latencygpu, MULT_APP, 128, 0, 70, 100, 1, 32, 1, NVIDIA GeForce RTX 3090 : 1695.000 Mhz   (Ordinal 0);82 SMs enabled. Compute Capability sm_86;FreeMem: 23.906MB   TotalMem: 24.251MB   32-bit pointers.;Mem Clock: 9751.000 Mhz x 384 bits   (936.1 GB/s);ECC Disabled;, 32, 1, False, False, 0, 100, 1, False, 0, 725669254707255735902793107548641915713527604185991043816495752073648991963682165606252340204423737646754068004150710135916034233452661, 448, 448, 2, 0, False, 1, 32, 1, 4, 1, Mont32, MontRNSReduceVec, bench_modmult2, 32, 64, 15, 15, 32, 47, 1, 1, 128, MontRNSReduceVec<15. 15. 1. 1. 32. 1. Mont32>, (1. 32), True
19.886079788208008, latencygpu, MULT_APP, 256, 0, 48, 100, 2, 64, 1, NVIDIA GeForce RTX 3090 : 1695.000 Mhz   (Ordinal 0);82 SMs enabled. Compute Capability sm_86;FreeMem: 23.906MB   TotalMem: 24.251MB   32-bit pointers.;Mem Clock: 9751.000 Mhz x 384 bits   (936.1 GB/s);ECC Disabled;, 64, 1, False, False, 0, 100, 2, False, 0, 558385932038469525889715566077641235193208418211237437358949646473019131383464615338615216017135430963441866279088496545315313543482551, 448, 448, 2, 0, False, 1, 32, 1, 4, 2, Mont32, MontRNSReduceVec, bench_modmult2, 64, 64, 15, 15, 32, 79, 1, 1, 256, MontRNSReduceVec<15. 15. 1. 1. 64. 2. Mont32>, (2. 32), True
20.25369644165039, latencygpu, MULT_APP, 512, 0, 39, 100, 4, 128, 1, NVIDIA GeForce RTX 3090 : 1695.000 Mhz   (Ordinal 0);82 SMs enabled. Compute Capability sm_86;FreeMem: 23.906MB   TotalMem: 24.251MB   32-bit pointers.;Mem Clock: 9751.000 Mhz x 384 bits   (936.1 GB/s);ECC Disabled;, 128, 1, False, False, 0, 100, 4, False, 0, 596988404456816084027842348363571892816829984995943511466022139078941745283311939490482323163285068497477312204089849394486845953617019, 448, 448, 2, 0, False, 1, 32, 1, 4, 4, Mont32, MontRNSReduceVec, bench_modmult2, 128, 64, 15, 15, 32, 143, 1, 1, 512, MontRNSReduceVec<15. 15. 1. 1. 128. 4. Mont32>, (4. 32), True
24.089599609375, latencygpu, MULT_APP, 128, 0, 74, 100, 1, 32, 1, NVIDIA GeForce RTX 3090 : 1695.000 Mhz   (Ordinal 0);82 SMs enabled. Compute Capability sm_86;FreeMem: 23.906MB   TotalMem: 24.251MB   32-bit pointers.;Mem Clock: 9751.000 Mhz x 384 bits   (936.1 GB/s);ECC Disabled;, 32, 1, False, False, 0, 100, 1, False, 0, 2200838736295825683010172003966377272168454683190379244253903144327299590467290768701803622975733608873484384099531823890309920281819609641049241, 480, 480, 2, 0, False, 1, 32, 1, 4, 1, Mont32, MontRNSReduceVec, bench_modmult2, 32, 64, 16, 16, 32, 48, 1, 1, 128, MontRNSReduceVec<16. 16. 1. 1. 32. 1. Mont32>, (1. 32), True
21.27872085571289, latencygpu, MULT_APP, 256, 0, 48, 100, 2, 64, 1, NVIDIA GeForce RTX 3090 : 1695.000 Mhz   (Ordinal 0);82 SMs enabled. Compute Capability sm_86;FreeMem: 23.906MB   TotalMem: 24.251MB   32-bit pointers.;Mem Clock: 9751.000 Mhz x 384 bits   (936.1 GB/s);ECC Disabled;, 64, 1, False, False, 0, 100, 2, False, 0, 2034300896361868365669871790874492837534404404013570198846930840112493914085161890256426678490926951105332521245242123399118151983817941407986189, 480, 480, 2, 0, False, 1, 32, 1, 4, 2, Mont32, MontRNSReduceVec, bench_modmult2, 64, 64, 16, 16, 32, 80, 1, 1, 256, MontRNSReduceVec<16. 16. 1. 1. 64. 2. Mont32>, (2. 32), True
21.69753646850586, latencygpu, MULT_APP, 512, 0, 39, 100, 4, 128, 1, NVIDIA GeForce RTX 3090 : 1695.000 Mhz   (Ordinal 0);82 SMs enabled. Compute Capability sm_86;FreeMem: 23.906MB   TotalMem: 24.251MB   32-bit pointers.;Mem Clock: 9751.000 Mhz x 384 bits   (936.1 GB/s);ECC Disabled;, 128, 1, False, False, 0, 100, 4, False, 0, 1692692223999623861037642296590820175417392002953388343914090262505776941526581271950743245318974290825175005303152998242858626085280817510358811, 480, 480, 2, 0, False, 1, 32, 1, 4, 4, Mont32, MontRNSReduceVec, bench_modmult2, 128, 64, 16, 16, 32, 144, 1, 1, 512, MontRNSReduceVec<16. 16. 1. 1. 128. 4. Mont32>, (4. 32), True
26.618879318237305, latencygpu, MULT_APP, 128, 0, 80, 100, 1, 32, 1, NVIDIA GeForce RTX 3090 : 1695.000 Mhz   (Ordinal 0);82 SMs enabled. Compute Capability sm_86;FreeMem: 23.906MB   TotalMem: 24.251MB   32-bit pointers.;Mem Clock: 9751.000 Mhz x 384 bits   (936.1 GB/s);ECC Disabled;, 32, 1, False, False, 0, 100, 1, False, 0, 10631393552422842671386819715871436664664978195108113125824822850781578490867743726246202067706864164146867567140994909762988368320013884848917675039202703, 512, 512, 2, 0, False, 1, 32, 1, 4, 1, Mont32, MontRNSReduceVec, bench_modmult2, 32, 64, 17, 17, 32, 49, 1, 1, 128, MontRNSReduceVec<17. 17. 1. 1. 32. 1. Mont32>, (1. 32), True
23.468032836914062, latencygpu, MULT_APP, 256, 0, 54, 100, 2, 64, 1, NVIDIA GeForce RTX 3090 : 1695.000 Mhz   (Ordinal 0);82 SMs enabled. Compute Capability sm_86;FreeMem: 23.906MB   TotalMem: 24.251MB   32-bit pointers.;Mem Clock: 9751.000 Mhz x 384 bits   (936.1 GB/s);ECC Disabled;, 64, 1, False, False, 0, 100, 2, False, 0, 7920226427002770245782567754631502925821799951346210586870308488208245959475899217350641330495483345189230665140123320432310208030067066282155898416763249, 512, 512, 2, 0, False, 1, 32, 1, 4, 2, Mont32, MontRNSReduceVec, bench_modmult2, 64, 64, 17, 17, 32, 81, 1, 1, 256, MontRNSReduceVec<17. 17. 1. 1. 64. 2. Mont32>, (2. 32), True
23.30931282043457, latencygpu, MULT_APP, 512, 0, 39, 100, 4, 128, 1, NVIDIA GeForce RTX 3090 : 1695.000 Mhz   (Ordinal 0);82 SMs enabled. Compute Capability sm_86;FreeMem: 23.906MB   TotalMem: 24.251MB   32-bit pointers.;Mem Clock: 9751.000 Mhz x 384 bits   (936.1 GB/s);ECC Disabled;, 128, 1, False, False, 0, 100, 4, False, 0, 11264690902108618689327874304780479582628037770605200787331875710845469758957869965361826541620225041806038244074829319925979107098519048290283854669970463, 512, 512, 2, 0, False, 1, 32, 1, 4, 4, Mont32, MontRNSReduceVec, bench_modmult2, 128, 64, 17, 17, 32, 145, 1, 1, 512, MontRNSReduceVec<17. 17. 1. 1. 128. 4. Mont32>, (4. 32), True
28.703744888305664, latencygpu, MULT_APP, 128, 0, 82, 100, 1, 32, 1, NVIDIA GeForce RTX 3090 : 1695.000 Mhz   (Ordinal 0);82 SMs enabled. Compute Capability sm_86;FreeMem: 23.906MB   TotalMem: 24.251MB   32-bit pointers.;Mem Clock: 9751.000 Mhz x 384 bits   (936.1 GB/s);ECC Disabled;, 32, 1, False, False, 0, 100, 1, False, 0, 30399237301991033434200643536941988549623133983579178698361581602049216834082609868509279201631743900009379330124849112902365351569758379249009933947576309590320137, 544, 544, 2, 0, False, 1, 32, 1, 4, 1, Mont32, MontRNSReduceVec, bench_modmult2, 32, 64, 18, 18, 32, 50, 1, 1, 128, MontRNSReduceVec<18. 18. 1. 1. 32. 1. Mont32>, (1. 32), True
24.93132781982422, latencygpu, MULT_APP, 256, 0, 54, 100, 2, 64, 1, NVIDIA GeForce RTX 3090 : 1695.000 Mhz   (Ordinal 0);82 SMs enabled. Compute Capability sm_86;FreeMem: 23.906MB   TotalMem: 24.251MB   32-bit pointers.;Mem Clock: 9751.000 Mhz x 384 bits   (936.1 GB/s);ECC Disabled;, 64, 1, False, False, 0, 100, 2, False, 0, 48596915631646739758000476604762494440316123684989815443849741519908650492454237246194071010498817344486725176571229442669380459133703781385977280799373192377370609, 544, 544, 2, 0, False, 1, 32, 1, 4, 2, Mont32, MontRNSReduceVec, bench_modmult2, 64, 64, 18, 18, 32, 82, 1, 1, 256, MontRNSReduceVec<18. 18. 1. 1. 64. 2. Mont32>, (2. 32), True
24.750080108642578, latencygpu, MULT_APP, 512, 0, 39, 100, 4, 128, 1, NVIDIA GeForce RTX 3090 : 1695.000 Mhz   (Ordinal 0);82 SMs enabled. Compute Capability sm_86;FreeMem: 23.906MB   TotalMem: 24.251MB   32-bit pointers.;Mem Clock: 9751.000 Mhz x 384 bits   (936.1 GB/s);ECC Disabled;, 128, 1, False, False, 0, 100, 4, False, 0, 52437598253757626477472837124536675955564787301452184007724034892608624588397657917318921039307956482008132176395585667952459196160358167559058831643631324664621027, 544, 544, 2, 0, False, 1, 32, 1, 4, 4, Mont32, MontRNSReduceVec, bench_modmult2, 128, 64, 18, 18, 32, 146, 1, 1, 512, MontRNSReduceVec<18. 18. 1. 1. 128. 4. Mont32>, (4. 32), True
31.219711303710938, latencygpu, MULT_APP, 128, 0, 86, 100, 1, 32, 1, NVIDIA GeForce RTX 3090 : 1695.000 Mhz   (Ordinal 0);82 SMs enabled. Compute Capability sm_86;FreeMem: 23.906MB   TotalMem: 24.251MB   32-bit pointers.;Mem Clock: 9751.000 Mhz x 384 bits   (936.1 GB/s);ECC Disabled;, 32, 1, False, False, 0, 100, 1, False, 0, 136261671409132530871653046739019566913509525806272709850647283850457455432458332057149648523206020058167329350839218570052830416659566756414557403550141892940832677012380433, 576, 576, 2, 0, False, 1, 32, 1, 4, 1, Mont32, MontRNSReduceVec, bench_modmult2, 32, 64, 19, 19, 32, 51, 1, 1, 128, MontRNSReduceVec<19. 19. 1. 1. 32. 1. Mont32>, (1. 32), True
26.92608070373535, latencygpu, MULT_APP, 256, 0, 56, 100, 2, 64, 1, NVIDIA GeForce RTX 3090 : 1695.000 Mhz   (Ordinal 0);82 SMs enabled. Compute Capability sm_86;FreeMem: 23.906MB   TotalMem: 24.251MB   32-bit pointers.;Mem Clock: 9751.000 Mhz x 384 bits   (936.1 GB/s);ECC Disabled;, 64, 1, False, False, 0, 100, 2, False, 0, 222312223785425198236455634824291886310623423948115951925142783146012941304460065450337283467724570169813528961837634997852633128498114250070702758936893403612357813714774907, 576, 576, 2, 0, False, 1, 32, 1, 4, 2, Mont32, MontRNSReduceVec, bench_modmult2, 64, 64, 19, 19, 32, 83, 1, 1, 256, MontRNSReduceVec<19. 19. 1. 1. 64. 2. Mont32>, (2. 32), True
26.16217613220215, latencygpu, MULT_APP, 512, 0, 39, 100, 4, 128, 1, NVIDIA GeForce RTX 3090 : 1695.000 Mhz   (Ordinal 0);82 SMs enabled. Compute Capability sm_86;FreeMem: 23.906MB   TotalMem: 24.251MB   32-bit pointers.;Mem Clock: 9751.000 Mhz x 384 bits   (936.1 GB/s);ECC Disabled;, 128, 1, False, False, 0, 100, 4, False, 0, 238120404144541310470160202893708566136099700077380440242432456198605022672665561676646219318608086173368335449035741064748059079968948451626922603908252314667466348012376059, 576, 576, 2, 0, False, 1, 32, 1, 4, 4, Mont32, MontRNSReduceVec, bench_modmult2, 128, 64, 19, 19, 32, 147, 1, 1, 512, MontRNSReduceVec<19. 19. 1. 1. 128. 4. Mont32>, (4. 32), True
33.85542297363281, latencygpu, MULT_APP, 128, 0, 88, 100, 1, 32, 1, NVIDIA GeForce RTX 3090 : 1695.000 Mhz   (Ordinal 0);82 SMs enabled. Compute Capability sm_86;FreeMem: 23.906MB   TotalMem: 24.251MB   32-bit pointers.;Mem Clock: 9751.000 Mhz x 384 bits   (936.1 GB/s);ECC Disabled;, 32, 1, False, False, 0, 100, 1, False, 0, 913288053014026248750045989122850657328093981058674251850975493465036825738847649683328533243905658303466695777281501367015199009948212552184565610624211898577130187111593294711134977, 608, 608, 2, 0, False, 1, 32, 1, 4, 1, Mont32, MontRNSReduceVec, bench_modmult2, 32, 64, 20, 20, 32, 52, 1, 1, 128, MontRNSReduceVec<20. 20. 1. 1. 32. 1. Mont32>, (1. 32), True
28.418975830078125, latencygpu, MULT_APP, 256, 0, 56, 100, 2, 64, 1, NVIDIA GeForce RTX 3090 : 1695.000 Mhz   (Ordinal 0);82 SMs enabled. Compute Capability sm_86;FreeMem: 23.906MB   TotalMem: 24.251MB   32-bit pointers.;Mem Clock: 9751.000 Mhz x 384 bits   (936.1 GB/s);ECC Disabled;, 64, 1, False, False, 0, 100, 2, False, 0, 652633102124791457985002261491195853094718754451623788165660770791604430316787263556079378347341234638946239946710713828545236564933235750386249219731040573746944474958486504474847669, 608, 608, 2, 0, False, 1, 32, 1, 4, 2, Mont32, MontRNSReduceVec, bench_modmult2, 64, 64, 20, 20, 32, 84, 1, 1, 256, MontRNSReduceVec<20. 20. 1. 1. 64. 2. Mont32>, (2. 32), True
27.611135482788086, latencygpu, MULT_APP, 512, 0, 39, 100, 4, 128, 1, NVIDIA GeForce RTX 3090 : 1695.000 Mhz   (Ordinal 0);82 SMs enabled. Compute Capability sm_86;FreeMem: 23.906MB   TotalMem: 24.251MB   32-bit pointers.;Mem Clock: 9751.000 Mhz x 384 bits   (936.1 GB/s);ECC Disabled;, 128, 1, False, False, 0, 100, 4, False, 0, 914444380993118268033133452568268202832708092425633833555528436434813679429952188844974083693073594401590914862662118848040435921823515866790550955711886019161843005847940256356255069, 608, 608, 2, 0, False, 1, 32, 1, 4, 4, Mont32, MontRNSReduceVec, bench_modmult2, 128, 64, 20, 20, 32, 148, 1, 1, 512, MontRNSReduceVec<20. 20. 1. 1. 128. 4. Mont32>, (4. 32), True
36.336639404296875, latencygpu, MULT_APP, 128, 0, 92, 100, 1, 32, 1, NVIDIA GeForce RTX 3090 : 1695.000 Mhz   (Ordinal 0);82 SMs enabled. Compute Capability sm_86;FreeMem: 23.906MB   TotalMem: 24.251MB   32-bit pointers.;Mem Clock: 9751.000 Mhz x 384 bits   (936.1 GB/s);ECC Disabled;, 32, 1, False, False, 0, 100, 1, False, 0, 4205476325379701706615734705994615073791943507250143594880755662920814218392964561805071030311163535710984029535805377741389434924481833710240039718184565424656192744434641744019868590862292007, 640, 640, 2, 0, False, 1, 32, 1, 4, 1, Mont32, MontRNSReduceVec, bench_modmult2, 32, 64, 21, 21, 32, 53, 1, 1, 128, MontRNSReduceVec<21. 21. 1. 1. 32. 1. Mont32>, (1. 32), True
31.292415618896484, latencygpu, MULT_APP, 256, 0, 60, 100, 2, 64, 1, NVIDIA GeForce RTX 3090 : 1695.000 Mhz   (Ordinal 0);82 SMs enabled. Compute Capability sm_86;FreeMem: 23.906MB   TotalMem: 24.251MB   32-bit pointers.;Mem Clock: 9751.000 Mhz x 384 bits   (936.1 GB/s);ECC Disabled;, 64, 1, False, False, 0, 100, 2, False, 0, 3279928666604538245113192551948043851367767643685543744553129568458581593689010872232550708759838101911554230293805535810162101096649004672344471296032293765245625097351268756806994890540044989, 640, 640, 2, 0, False, 1, 32, 1, 4, 2, Mont32, MontRNSReduceVec, bench_modmult2, 64, 64, 21, 21, 32, 85, 1, 1, 256, MontRNSReduceVec<21. 21. 1. 1. 64. 2. Mont32>, (2. 32), True
30.38412857055664, latencygpu, MULT_APP, 512, 0, 43, 100, 4, 128, 1, NVIDIA GeForce RTX 3090 : 1695.000 Mhz   (Ordinal 0);82 SMs enabled. Compute Capability sm_86;FreeMem: 23.906MB   TotalMem: 24.251MB   32-bit pointers.;Mem Clock: 9751.000 Mhz x 384 bits   (936.1 GB/s);ECC Disabled;, 128, 1, False, False, 0, 100, 4, False, 0, 4142683256179767315865198706307391937514130577729373802503037421880025778605889699529594541247022074563273334693087301118860177917197514752376696958648558768414811048273240328884948553368028807, 640, 640, 2, 0, False, 1, 32, 1, 4, 4, Mont32, MontRNSReduceVec, bench_modmult2, 128, 64, 21, 21, 32, 149, 1, 1, 512, MontRNSReduceVec<21. 21. 1. 1. 128. 4. Mont32>, (4. 32), True
39.09529495239258, latencygpu, MULT_APP, 128, 0, 94, 100, 1, 32, 1, NVIDIA GeForce RTX 3090 : 1695.000 Mhz   (Ordinal 0);82 SMs enabled. Compute Capability sm_86;FreeMem: 23.906MB   TotalMem: 24.251MB   32-bit pointers.;Mem Clock: 9751.000 Mhz x 384 bits   (936.1 GB/s);ECC Disabled;, 32, 1, False, False, 0, 100, 1, False, 0, 15008701938582533698911774041633674050942361043807654969011820646421261560151588395182676262290201123106109745024760995511990456656886337583370466806029591828647128898228748259541822186391189830169696371, 672, 672, 2, 0, False, 1, 32, 1, 4, 1, Mont32, MontRNSReduceVec, bench_modmult2, 32, 64, 22, 22, 32, 54, 1, 1, 128, MontRNSReduceVec<22. 22. 1. 1. 32. 1. Mont32>, (1. 32), True
32.84684753417969, latencygpu, MULT_APP, 256, 0, 60, 100, 2, 64, 1, NVIDIA GeForce RTX 3090 : 1695.000 Mhz   (Ordinal 0);82 SMs enabled. Compute Capability sm_86;FreeMem: 23.906MB   TotalMem: 24.251MB   32-bit pointers.;Mem Clock: 9751.000 Mhz x 384 bits   (936.1 GB/s);ECC Disabled;, 64, 1, False, False, 0, 100, 2, False, 0, 17303381147288157751794805876599543463312809468125532979593146477103471835571882019492981459941818524057333225078923196407962427024450727177010949378071176420599145305743677856668511788531225602993946577, 672, 672, 2, 0, False, 1, 32, 1, 4, 2, Mont32, MontRNSReduceVec, bench_modmult2, 64, 64, 22, 22, 32, 86, 1, 1, 256, MontRNSReduceVec<22. 22. 1. 1. 64. 2. Mont32>, (2. 32), True
31.910783767700195, latencygpu, MULT_APP, 512, 0, 43, 100, 4, 128, 1, NVIDIA GeForce RTX 3090 : 1695.000 Mhz   (Ordinal 0);82 SMs enabled. Compute Capability sm_86;FreeMem: 23.906MB   TotalMem: 24.251MB   32-bit pointers.;Mem Clock: 9751.000 Mhz x 384 bits   (936.1 GB/s);ECC Disabled;, 128, 1, False, False, 0, 100, 4, False, 0, 14794099589935151170937805915624419342109448933665546017514085420396332810961962352495725000801587094147756613297789430610845417830180946835182594679310421608606937836923163107480813219218904795217791451, 672, 672, 2, 0, False, 1, 32, 1, 4, 4, Mont32, MontRNSReduceVec, bench_modmult2, 128, 64, 22, 22, 32, 150, 1, 1, 512, MontRNSReduceVec<22. 22. 1. 1. 128. 4. Mont32>, (4. 32), True
41.63788986206055, latencygpu, MULT_APP, 128, 0, 98, 100, 1, 32, 1, NVIDIA GeForce RTX 3090 : 1695.000 Mhz   (Ordinal 0);82 SMs enabled. Compute Capability sm_86;FreeMem: 23.906MB   TotalMem: 24.251MB   32-bit pointers.;Mem Clock: 9751.000 Mhz x 384 bits   (936.1 GB/s);ECC Disabled;, 32, 1, False, False, 0, 100, 1, False, 0, 62772012788734758566132736396177503325666926919493669423987891432687127045003292037430631028519358731764841885215431126321723443685902630261264205883649257723075938773929912058797756948504997991138976704759908219, 704, 704, 2, 0, False, 1, 32, 1, 4, 1, Mont32, MontRNSReduceVec, bench_modmult2, 32, 64, 23, 23, 32, 55, 1, 1, 128, MontRNSReduceVec<23. 23. 1. 1. 32. 1. Mont32>, (1. 32), True
34.360191345214844, latencygpu, MULT_APP, 256, 0, 64, 100, 2, 64, 1, NVIDIA GeForce RTX 3090 : 1695.000 Mhz   (Ordinal 0);82 SMs enabled. Compute Capability sm_86;FreeMem: 23.906MB   TotalMem: 24.251MB   32-bit pointers.;Mem Clock: 9751.000 Mhz x 384 bits   (936.1 GB/s);ECC Disabled;, 64, 1, False, False, 0, 100, 2, False, 0, 63213811691230275363701287388466004932513596453101118192368798914784958204749421367880205960101387313501709025193841287495307539585280659134536698783818156244278431816271939904189378992032414803034779046919043923, 704, 704, 2, 0, False, 1, 32, 1, 4, 2, Mont32, MontRNSReduceVec, bench_modmult2, 64, 64, 23, 23, 32, 87, 1, 1, 256, MontRNSReduceVec<23. 23. 1. 1. 64. 2. Mont32>, (2. 32), True
33.39161682128906, latencygpu, MULT_APP, 512, 0, 43, 100, 4, 128, 1, NVIDIA GeForce RTX 3090 : 1695.000 Mhz   (Ordinal 0);82 SMs enabled. Compute Capability sm_86;FreeMem: 23.906MB   TotalMem: 24.251MB   32-bit pointers.;Mem Clock: 9751.000 Mhz x 384 bits   (936.1 GB/s);ECC Disabled;, 128, 1, False, False, 0, 100, 4, False, 0, 48782503210559799692750347382628780516374998024351850415284329272027464453968020551267431097887457483770817105604275289254164085109968681775017513515112613687205985160777373844068995389848312701642912897624615601, 704, 704, 2, 0, False, 1, 32, 1, 4, 4, Mont32, MontRNSReduceVec, bench_modmult2, 128, 64, 23, 23, 32, 151, 1, 1, 512, MontRNSReduceVec<23. 23. 1. 1. 128. 4. Mont32>, (4. 32), True
44.662784576416016, latencygpu, MULT_APP, 128, 0, 102, 100, 1, 32, 1, NVIDIA GeForce RTX 3090 : 1695.000 Mhz   (Ordinal 0);82 SMs enabled. Compute Capability sm_86;FreeMem: 23.906MB   TotalMem: 24.251MB   32-bit pointers.;Mem Clock: 9751.000 Mhz x 384 bits   (936.1 GB/s);ECC Disabled;, 32, 1, False, False, 0, 100, 1, False, 0, 223168611096798286113530444612419428798522708994951870320878901128582657899235139319912674573684336234604812638653326541432695106520370988151699483693643077734858471946824363991360535766633017255547710029459259505278275803, 736, 736, 2, 0, False, 1, 32, 1, 4, 1, Mont32, MontRNSReduceVec, bench_modmult2, 32, 64, 24, 24, 32, 56, 1, 1, 128, MontRNSReduceVec<24. 24. 1. 1. 32. 1. Mont32>, (1. 32), True
35.91270446777344, latencygpu, MULT_APP, 256, 0, 64, 100, 2, 64, 1, NVIDIA GeForce RTX 3090 : 1695.000 Mhz   (Ordinal 0);82 SMs enabled. Compute Capability sm_86;FreeMem: 23.906MB   TotalMem: 24.251MB   32-bit pointers.;Mem Clock: 9751.000 Mhz x 384 bits   (936.1 GB/s);ECC Disabled;, 64, 1, False, False, 0, 100, 2, False, 0, 299621318992924054014372806727917686119826711317300464208636066549644731953837908517991492186089155791247639359343673476555157778649872371443145466882308869811947368492438427512151151480513857282722789039426066667045235791, 736, 736, 2, 0, False, 1, 32, 1, 4, 2, Mont32, MontRNSReduceVec, bench_modmult2, 64, 64, 24, 24, 32, 88, 1, 1, 256, MontRNSReduceVec<24. 24. 1. 1. 64. 2. Mont32>, (2. 32), True
34.93376159667969, latencygpu, MULT_APP, 512, 0, 43, 100, 4, 128, 1, NVIDIA GeForce RTX 3090 : 1695.000 Mhz   (Ordinal 0);82 SMs enabled. Compute Capability sm_86;FreeMem: 23.906MB   TotalMem: 24.251MB   32-bit pointers.;Mem Clock: 9751.000 Mhz x 384 bits   (936.1 GB/s);ECC Disabled;, 128, 1, False, False, 0, 100, 4, False, 0, 334160625421914159456657296445775056532663981156484836387138377439477873987143452372628808623278245354955796098051310975558345205298114923450539003638573586054802444352450824885265554102353094181154990294768599142169337687, 736, 736, 2, 0, False, 1, 32, 1, 4, 4, Mont32, MontRNSReduceVec, bench_modmult2, 128, 64, 24, 24, 32, 152, 1, 1, 512, MontRNSReduceVec<24. 24. 1. 1. 128. 4. Mont32>, (4. 32), True
47.471614837646484, latencygpu, MULT_APP, 128, 0, 104, 100, 1, 32, 1, NVIDIA GeForce RTX 3090 : 1695.000 Mhz   (Ordinal 0);82 SMs enabled. Compute Capability sm_86;FreeMem: 23.906MB   TotalMem: 24.251MB   32-bit pointers.;Mem Clock: 9751.000 Mhz x 384 bits   (936.1 GB/s);ECC Disabled;, 32, 1, False, False, 0, 100, 1, False, 0, 1285366111659238139830871252856367590957374918949053009939597001718826749676877044449870662050256817575762739252146861984370585935180832645582755999748339706644511694203677854819862189810160594350515006804261597434374144224207235171, 768, 768, 2, 0, False, 1, 32, 1, 4, 1, Mont32, MontRNSReduceVec, bench_modmult2, 32, 64, 25, 25, 32, 57, 1, 1, 128, MontRNSReduceVec<25. 25. 1. 1. 32. 1. Mont32>, (1. 32), True
39.43628692626953, latencygpu, MULT_APP, 256, 0, 64, 100, 2, 64, 1, NVIDIA GeForce RTX 3090 : 1695.000 Mhz   (Ordinal 0);82 SMs enabled. Compute Capability sm_86;FreeMem: 23.906MB   TotalMem: 24.251MB   32-bit pointers.;Mem Clock: 9751.000 Mhz x 384 bits   (936.1 GB/s);ECC Disabled;, 64, 1, False, False, 0, 100, 2, False, 0, 923211595537656725105276759847530183491209193724149239078769098731320642567637988609124685724915149512298702810128737517208655208377800462332578298537430006733802698815094132025402180054365878176279500288752690221307479313122904033, 768, 768, 2, 0, False, 1, 32, 1, 4, 2, Mont32, MontRNSReduceVec, bench_modmult2, 64, 64, 25, 25, 32, 89, 1, 1, 256, MontRNSReduceVec<25. 25. 1. 1. 64. 2. Mont32>, (2. 32), True
38.32012939453125, latencygpu, MULT_APP, 512, 0, 46, 100, 4, 128, 1, NVIDIA GeForce RTX 3090 : 1695.000 Mhz   (Ordinal 0);82 SMs enabled. Compute Capability sm_86;FreeMem: 23.906MB   TotalMem: 24.251MB   32-bit pointers.;Mem Clock: 9751.000 Mhz x 384 bits   (936.1 GB/s);ECC Disabled;, 128, 1, False, False, 0, 100, 4, False, 0, 1485252975879463463133076487225106418517297586464408287405899045769799513464444781077388195689871281429900873171833650823314758035910613864857167074582968986395523743018634919909281379441214284873408934527049968855951850666545436741, 768, 768, 2, 0, False, 1, 32, 1, 4, 4, Mont32, MontRNSReduceVec, bench_modmult2, 128, 64, 25, 25, 32, 153, 1, 1, 512, MontRNSReduceVec<25. 25. 1. 1. 128. 4. Mont32>, (4. 32), True
50.71564865112305, latencygpu, MULT_APP, 128, 0, 108, 100, 1, 32, 1, NVIDIA GeForce RTX 3090 : 1695.000 Mhz   (Ordinal 0);82 SMs enabled. Compute Capability sm_86;FreeMem: 23.906MB   TotalMem: 24.251MB   32-bit pointers.;Mem Clock: 9751.000 Mhz x 384 bits   (936.1 GB/s);ECC Disabled;, 32, 1, False, False, 0, 100, 1, False, 0, 4477201390991757526628944751883837095341973074561110222282054753142759032578334339799765427023792552849438203714923898978634412702633173035909429272438941490256756606593725738847175414167663844791986134221643612719976906112772644956208744993, 800, 800, 2, 0, False, 1, 32, 1, 4, 1, Mont32, MontRNSReduceVec, bench_modmult2, 32, 64, 26, 26, 32, 58, 1, 1, 128, MontRNSReduceVec<26. 26. 1. 1. 32. 1. Mont32>, (1. 32), True
41.0880012512207, latencygpu, MULT_APP, 256, 0, 64, 100, 2, 64, 1, NVIDIA GeForce RTX 3090 : 1695.000 Mhz   (Ordinal 0);82 SMs enabled. Compute Capability sm_86;FreeMem: 23.906MB   TotalMem: 24.251MB   32-bit pointers.;Mem Clock: 9751.000 Mhz x 384 bits   (936.1 GB/s);ECC Disabled;, 64, 1, False, False, 0, 100, 2, False, 0, 3574935276065345225401270852387965321296878559631727777712904493085329930219881566935403713282982947857854336444041922203470245950538666486538399821426000557555679951509730508518543066151191993673299758317766773032275372926770761337995296973, 800, 800, 2, 0, False, 1, 32, 1, 4, 2, Mont32, MontRNSReduceVec, bench_modmult2, 64, 64, 26, 26, 32, 90, 1, 1, 256, MontRNSReduceVec<26. 26. 1. 1. 64. 2. Mont32>, (2. 32), True
39.9288330078125, latencygpu, MULT_APP, 512, 0, 46, 100, 4, 128, 1, NVIDIA GeForce RTX 3090 : 1695.000 Mhz   (Ordinal 0);82 SMs enabled. Compute Capability sm_86;FreeMem: 23.906MB   TotalMem: 24.251MB   32-bit pointers.;Mem Clock: 9751.000 Mhz x 384 bits   (936.1 GB/s);ECC Disabled;, 128, 1, False, False, 0, 100, 4, False, 0, 4842579881266559314014019097986931378960934400591177712841617894540143363004150423346479977672120843031647823604643543199660286372338204399295434583360582103070867738657614177548279012126319548759502224549617626509462874035880526202397481261, 800, 800, 2, 0, False, 1, 32, 1, 4, 4, Mont32, MontRNSReduceVec, bench_modmult2, 128, 64, 26, 26, 32, 154, 1, 1, 512, MontRNSReduceVec<26. 26. 1. 1. 128. 4. Mont32>, (4. 32), True
53.33504104614258, latencygpu, MULT_APP, 128, 0, 112, 100, 1, 32, 1, NVIDIA GeForce RTX 3090 : 1695.000 Mhz   (Ordinal 0);82 SMs enabled. Compute Capability sm_86;FreeMem: 23.906MB   TotalMem: 24.251MB   32-bit pointers.;Mem Clock: 9751.000 Mhz x 384 bits   (936.1 GB/s);ECC Disabled;, 32, 1, False, False, 0, 100, 1, False, 0, 14403349218464729780199452287659112980670736149838685709542410366086871339587209471303193493541987423585851120051694034283019113619419585479027363126956127170805135347271798035066322657131264025031443334764309240146774645560001158145507315882370580369, 832, 832, 2, 0, False, 1, 32, 1, 4, 1, Mont32, MontRNSReduceVec, bench_modmult2, 32, 64, 27, 27, 32, 59, 1, 1, 128, MontRNSReduceVec<27. 27. 1. 1. 32. 1. Mont32>, (1. 32), True
42.411006927490234, latencygpu, MULT_APP, 256, 0, 70, 100, 2, 64, 1, NVIDIA GeForce RTX 3090 : 1695.000 Mhz   (Ordinal 0);82 SMs enabled. Compute Capability sm_86;FreeMem: 23.906MB   TotalMem: 24.251MB   32-bit pointers.;Mem Clock: 9751.000 Mhz x 384 bits   (936.1 GB/s);ECC Disabled;, 64, 1, False, False, 0, 100, 2, False, 0, 14982994330508068780164216056464594339940941026096553577407845624801617288527559535267511102078193825005715039126112453685634932518076450855252073064717390570139382150779410882359970465815518048163721995990696613108757563427031560838613028148531345423, 832, 832, 2, 0, False, 1, 32, 1, 4, 2, Mont32, MontRNSReduceVec, bench_modmult2, 64, 64, 27, 27, 32, 91, 1, 1, 256, MontRNSReduceVec<27. 27. 1. 1. 64. 2. Mont32>, (2. 32), True
41.5098876953125, latencygpu, MULT_APP, 512, 0, 46, 100, 4, 128, 1, NVIDIA GeForce RTX 3090 : 1695.000 Mhz   (Ordinal 0);82 SMs enabled. Compute Capability sm_86;FreeMem: 23.906MB   TotalMem: 24.251MB   32-bit pointers.;Mem Clock: 9751.000 Mhz x 384 bits   (936.1 GB/s);ECC Disabled;, 128, 1, False, False, 0, 100, 4, False, 0, 21775066795786953079129685573312032399776411255798978936712623664920802052268124472372079207670894387853204825914063183265168567294611056861310206457951433868443942315562528658797117858809723053999879348496805072019061354030653331063820770325331812893, 832, 832, 2, 0, False, 1, 32, 1, 4, 4, Mont32, MontRNSReduceVec, bench_modmult2, 128, 64, 27, 27, 32, 155, 1, 1, 512, MontRNSReduceVec<27. 27. 1. 1. 128. 4. Mont32>, (4. 32), True
56.999935150146484, latencygpu, MULT_APP, 128, 0, 114, 100, 1, 32, 1, NVIDIA GeForce RTX 3090 : 1695.000 Mhz   (Ordinal 0);82 SMs enabled. Compute Capability sm_86;FreeMem: 23.906MB   TotalMem: 24.251MB   32-bit pointers.;Mem Clock: 9751.000 Mhz x 384 bits   (936.1 GB/s);ECC Disabled;, 32, 1, False, False, 0, 100, 1, False, 0, 120220975670231454886955083449380157529679662987681799275472421852954762417352855084433284680939652571602740464737469943076362655089291073511753513389744166826132142605457046590587299831753563291127262357683608068177757893261226165949338112179016243629558865909, 864, 864, 2, 0, False, 1, 32, 1, 4, 1, Mont32, MontRNSReduceVec, bench_modmult2, 32, 64, 28, 28, 32, 60, 1, 1, 128, MontRNSReduceVec<28. 28. 1. 1. 32. 1. Mont32>, (1. 32), True
44.05238342285156, latencygpu, MULT_APP, 256, 0, 70, 100, 2, 64, 1, NVIDIA GeForce RTX 3090 : 1695.000 Mhz   (Ordinal 0);82 SMs enabled. Compute Capability sm_86;FreeMem: 23.906MB   TotalMem: 24.251MB   32-bit pointers.;Mem Clock: 9751.000 Mhz x 384 bits   (936.1 GB/s);ECC Disabled;, 64, 1, False, False, 0, 100, 2, False, 0, 93440153346412300921465564988080315540336379272861753655051132256902590709729088234347861519578254626815854644521877456180096654739034874712348113148832779261767937252320303207705865751576207701093208244448731392284819782352558574529344990328252026189707998177, 864, 864, 2, 0, False, 1, 32, 1, 4, 2, Mont32, MontRNSReduceVec, bench_modmult2, 64, 64, 28, 28, 32, 92, 1, 1, 256, MontRNSReduceVec<28. 28. 1. 1. 64. 2. Mont32>, (2. 32), True
43.081729888916016, latencygpu, MULT_APP, 512, 0, 46, 100, 4, 128, 1, NVIDIA GeForce RTX 3090 : 1695.000 Mhz   (Ordinal 0);82 SMs enabled. Compute Capability sm_86;FreeMem: 23.906MB   TotalMem: 24.251MB   32-bit pointers.;Mem Clock: 9751.000 Mhz x 384 bits   (936.1 GB/s);ECC Disabled;, 128, 1, False, False, 0, 100, 4, False, 0, 77805419686853067923450790728786339572430460409948826283444616487244702531274447651107666689647423312073747224011744044958203999770280353525032604976936336654585824702981273481271353318824168015148245086997963262989205027866010261048358410578982373599476503277, 864, 864, 2, 0, False, 1, 32, 1, 4, 4, Mont32, MontRNSReduceVec, bench_modmult2, 128, 64, 28, 28, 32, 156, 1, 1, 512, MontRNSReduceVec<28. 28. 1. 1. 128. 4. Mont32>, (4. 32), True
59.29983901977539, latencygpu, MULT_APP, 128, 0, 118, 100, 1, 32, 1, NVIDIA GeForce RTX 3090 : 1695.000 Mhz   (Ordinal 0);82 SMs enabled. Compute Capability sm_86;FreeMem: 23.906MB   TotalMem: 24.251MB   32-bit pointers.;Mem Clock: 9751.000 Mhz x 384 bits   (936.1 GB/s);ECC Disabled;, 32, 1, False, False, 0, 100, 1, False, 0, 446274828429755795478587719964670915224126550441501879802709713838316562731413484975591480841231330222084988219534870023062003504274621615025584925586466391515517920266714529413481218497343911304119890021732681079085734214112076161895806248942681308152777496757286330643, 896, 896, 2, 0, False, 1, 32, 1, 4, 1, Mont32, MontRNSReduceVec, bench_modmult2, 32, 64, 29, 29, 32, 61, 1, 1, 128, MontRNSReduceVec<29. 29. 1. 1. 32. 1. Mont32>, (1. 32), True
49.41209411621094, latencygpu, MULT_APP, 256, 0, 70, 100, 2, 64, 1, NVIDIA GeForce RTX 3090 : 1695.000 Mhz   (Ordinal 0);82 SMs enabled. Compute Capability sm_86;FreeMem: 23.906MB   TotalMem: 24.251MB   32-bit pointers.;Mem Clock: 9751.000 Mhz x 384 bits   (936.1 GB/s);ECC Disabled;, 64, 1, False, False, 0, 100, 2, False, 0, 500418598451206799362452451061368588595400823914039136533240004581601469089745706307715392207093155360396961214911195373725400704641833063770491257165870449035256667538551592328957258592553140546248059504935842523805208173928456898912156153101116783616551699397268501567, 896, 896, 2, 0, False, 1, 32, 1, 4, 2, Mont32, MontRNSReduceVec, bench_modmult2, 64, 64, 29, 29, 32, 93, 1, 1, 256, MontRNSReduceVec<29. 29. 1. 1. 64. 2. Mont32>, (2. 32), True
45.74208068847656, latencygpu, MULT_APP, 512, 0, 48, 100, 4, 128, 1, NVIDIA GeForce RTX 3090 : 1695.000 Mhz   (Ordinal 0);82 SMs enabled. Compute Capability sm_86;FreeMem: 23.906MB   TotalMem: 24.251MB   32-bit pointers.;Mem Clock: 9751.000 Mhz x 384 bits   (936.1 GB/s);ECC Disabled;, 128, 1, False, False, 0, 100, 4, False, 0, 469350208506436341383656875966037315657140666206456300826456217377052489309192356430514559249971764232271508593847776796208508595320443485050569997073770468650468668641858029873482823255441304931579924402835073336030758109601542125584246736563986407936957486331403110349, 896, 896, 2, 0, False, 1, 32, 1, 4, 4, Mont32, MontRNSReduceVec, bench_modmult2, 128, 64, 29, 29, 32, 157, 1, 1, 512, MontRNSReduceVec<29. 29. 1. 1. 128. 4. Mont32>, (4. 32), True
62.85619354248047, latencygpu, MULT_APP, 128, 0, 120, 100, 1, 32, 1, NVIDIA GeForce RTX 3090 : 1695.000 Mhz   (Ordinal 0);82 SMs enabled. Compute Capability sm_86;FreeMem: 23.906MB   TotalMem: 24.251MB   32-bit pointers.;Mem Clock: 9751.000 Mhz x 384 bits   (936.1 GB/s);ECC Disabled;, 32, 1, False, False, 0, 100, 1, False, 0, 2228298439300260321267613507987070188956783946371728437057322366301764808933540873631113731419089288579003941418216996399248921472869822970105041929746662626326442188076229757317863310196987914181209899654880037597878473491914134301514391881309744129714568789024371310899634573867, 928, 928, 2, 0, False, 1, 32, 1, 4, 1, Mont32, MontRNSReduceVec, bench_modmult2, 32, 64, 30, 30, 32, 62, 1, 1, 128, MontRNSReduceVec<30. 30. 1. 1. 32. 1. Mont32>, (1. 32), True
51.18259048461914, latencygpu, MULT_APP, 256, 0, 70, 100, 2, 64, 1, NVIDIA GeForce RTX 3090 : 1695.000 Mhz   (Ordinal 0);82 SMs enabled. Compute Capability sm_86;FreeMem: 23.906MB   TotalMem: 24.251MB   32-bit pointers.;Mem Clock: 9751.000 Mhz x 384 bits   (936.1 GB/s);ECC Disabled;, 64, 1, False, False, 0, 100, 2, False, 0, 2201399028953486639619382038584048982846167635053533531715001495230253097800711683508378987575469427540049957996800814135064378397728383752165931333845247586593241222299234443294465175563528299685710722895922045368592811293648275105441657084503737540044679492650760385948622717831, 928, 928, 2, 0, False, 1, 32, 1, 4, 2, Mont32, MontRNSReduceVec, bench_modmult2, 64, 64, 30, 30, 32, 94, 1, 1, 256, MontRNSReduceVec<30. 30. 1. 1. 64. 2. Mont32>, (2. 32), True
47.364097595214844, latencygpu, MULT_APP, 512, 0, 48, 100, 4, 128, 1, NVIDIA GeForce RTX 3090 : 1695.000 Mhz   (Ordinal 0);82 SMs enabled. Compute Capability sm_86;FreeMem: 23.906MB   TotalMem: 24.251MB   32-bit pointers.;Mem Clock: 9751.000 Mhz x 384 bits   (936.1 GB/s);ECC Disabled;, 128, 1, False, False, 0, 100, 4, False, 0, 1347302396670633191047207972372057109837825015569117588100163903861549437610993889194305362339561888400265977074175985221146715681149529956612868693032964414951884632243172330003174154571648793553431899890489819993467642451168898164492862355726339514604010994046526806052711763891, 928, 928, 2, 0, False, 1, 32, 1, 4, 4, Mont32, MontRNSReduceVec, bench_modmult2, 128, 64, 30, 30, 32, 158, 1, 1, 512, MontRNSReduceVec<30. 30. 1. 1. 128. 4. Mont32>, (4. 32), True
66.83859252929688, latencygpu, MULT_APP, 256, 0, 122, 100, 1, 64, 1, NVIDIA GeForce RTX 3090 : 1695.000 Mhz   (Ordinal 0);82 SMs enabled. Compute Capability sm_86;FreeMem: 23.906MB   TotalMem: 24.251MB   32-bit pointers.;Mem Clock: 9751.000 Mhz x 384 bits   (936.1 GB/s);ECC Disabled;, 64, 1, False, False, 0, 100, 1, False, 0, 6373331225416324341136074234233788341208300420200635944354525833065898315199452434594835751776174461795976011033546659075453552600522789081124947026842952034167323061375861650993197110867237630600072236870245601734226740276748030489987602805737735717542718917694589083712911483917845344513, 960, 960, 2, 0, False, 1, 64, 1, 4, 1, Mont32, MontRNSReduceVec, bench_modmult2, 64, 64, 31, 31, 64, 95, 1, 1, 256, MontRNSReduceVec<31. 31. 1. 1. 64. 1. Mont32>, (1. 64), True
53.821441650390625, latencygpu, MULT_APP, 512, 0, 78, 100, 2, 128, 1, NVIDIA GeForce RTX 3090 : 1695.000 Mhz   (Ordinal 0);82 SMs enabled. Compute Capability sm_86;FreeMem: 23.906MB   TotalMem: 24.251MB   32-bit pointers.;Mem Clock: 9751.000 Mhz x 384 bits   (936.1 GB/s);ECC Disabled;, 128, 1, False, False, 0, 100, 2, False, 0, 7444904214729690793571734209421192981982600820132618378141302245326654428653955235215767041376070034436738792102447669369619101113908376453920825975766725140164358303613923885598307670331140264046829661874461017942068969504591463528150687984737496670774118487811698931021630679157811120309, 960, 960, 2, 0, False, 1, 64, 1, 4, 2, Mont32, MontRNSReduceVec, bench_modmult2, 128, 64, 31, 31, 64, 159, 1, 1, 512, MontRNSReduceVec<31. 31. 1. 1. 128. 2. Mont32>, (2. 64), True
61.090816497802734, latencygpu, MULT_APP, 1024, 0, 48, 100, 4, 256, 1, NVIDIA GeForce RTX 3090 : 1695.000 Mhz   (Ordinal 0);82 SMs enabled. Compute Capability sm_86;FreeMem: 23.906MB   TotalMem: 24.251MB   32-bit pointers.;Mem Clock: 9751.000 Mhz x 384 bits   (936.1 GB/s);ECC Disabled;, 256, 1, False, False, 0, 100, 4, False, 0, 6129838434786477749831451699158813407689823484384040010309327687076207427023751248285050178652179018032109073656392601366576149640393338876458190366896929854260451871957958074010347401008947465528925956666610770568253587642659456242344468276891147926969490244180497203600321098771887251257, 960, 960, 2, 0, False, 1, 64, 1, 4, 4, Mont32, MontRNSReduceVec, bench_modmult2, 256, 64, 31, 31, 64, 287, 1, 1, 1024, MontRNSReduceVec<31. 31. 1. 1. 256. 4. Mont32>, (4. 64), True
70.8700180053711, latencygpu, MULT_APP, 256, 0, 126, 100, 1, 64, 1, NVIDIA GeForce RTX 3090 : 1695.000 Mhz   (Ordinal 0);82 SMs enabled. Compute Capability sm_86;FreeMem: 23.906MB   TotalMem: 24.251MB   32-bit pointers.;Mem Clock: 9751.000 Mhz x 384 bits   (936.1 GB/s);ECC Disabled;, 64, 1, False, False, 0, 100, 1, False, 0, 22467961507921902972864187647763377721384711962472565702543382286617998740330605451359778783593586293872286247635942763151915188663349093969023219175137565310695250496091762246375656739743673447652068417414349459624293932955495722886476400253781494395205095455142520211834138026795003472037205431441, 992, 992, 2, 0, False, 1, 64, 1, 4, 1, Mont32, MontRNSReduceVec, bench_modmult2, 64, 64, 32, 32, 64, 96, 1, 1, 256, MontRNSReduceVec<32. 32. 1. 1. 64. 1. Mont32>, (1. 64), True
55.58988952636719, latencygpu, MULT_APP, 512, 0, 78, 100, 2, 128, 1, NVIDIA GeForce RTX 3090 : 1695.000 Mhz   (Ordinal 0);82 SMs enabled. Compute Capability sm_86;FreeMem: 23.906MB   TotalMem: 24.251MB   32-bit pointers.;Mem Clock: 9751.000 Mhz x 384 bits   (936.1 GB/s);ECC Disabled;, 128, 1, False, False, 0, 100, 2, False, 0, 39628834754918885975849991524444811958357982440070613292538764816889778913074128913042227355015475272338180216840804941410581844673919479999701256890266580495816981511513686002212525366771263522408573986088184473932189533761071794749695608019506849065123736402539787665325771826858712089032200754673, 992, 992, 2, 0, False, 1, 64, 1, 4, 2, Mont32, MontRNSReduceVec, bench_modmult2, 128, 64, 32, 32, 64, 160, 1, 1, 512, MontRNSReduceVec<32. 32. 1. 1. 128. 2. Mont32>, (2. 64), True
63.11824035644531, latencygpu, MULT_APP, 1024, 0, 48, 100, 4, 256, 1, NVIDIA GeForce RTX 3090 : 1695.000 Mhz   (Ordinal 0);82 SMs enabled. Compute Capability sm_86;FreeMem: 23.906MB   TotalMem: 24.251MB   32-bit pointers.;Mem Clock: 9751.000 Mhz x 384 bits   (936.1 GB/s);ECC Disabled;, 256, 1, False, False, 0, 100, 4, False, 0, 32933933400273158006789282538354242000758508418831028076373074925404014407698656867617095914184359358240701686477562429548291321358024226036270746943381061761919726853683977445319191592895383511013379312958202139519796759230662740804396528084168861570128399881060352958312186157363476735672771454323, 992, 992, 2, 0, False, 1, 64, 1, 4, 4, Mont32, MontRNSReduceVec, bench_modmult2, 256, 64, 32, 32, 64, 288, 1, 1, 1024, MontRNSReduceVec<32. 32. 1. 1. 256. 4. Mont32>, (4. 64), True
